,City ,Cloudiness,Country,Date,Humidity,Lat,Lng,Max_Temp,Wind_Speed
0,Ulladulla,90,AU,1518627600,68,-35.36,150.48,66.2,9.75
1,Damaturu,0,NG,1518631729,27,11.75,11.96,85.72,8.52
2,Lata,0,IN,1518631471,69,30.78,78.62,34.38,2.71
3,Micheweni,8,TZ,1518631730,100,-4.97,39.83,81.49,11.21
4,Dossor,0,KZ,1518631730,50,47.52,52.98,-8.42,2.93
5,Chuy,0,UY,1518631453,67,-33.69,-53.46,78.43,11.21
6,Gamba,0,CN,1518631731,57,28.28,88.52,-1.58,7.52
7,Rikitea,0,PF,1518631731,99,-23.12,-134.97,80.46,14.34
8,Hermanus,0,ZA,1518631732,74,-34.42,19.24,72.18,3.49
9,Skibbereen,40,IE,1518631200,93,51.55,-9.27,41,10.29
10,Busselton,0,AU,1518631734,100,-33.64,115.35,64.75,20.6
11,East London,75,ZA,1518630120,94,-33.02,27.91,71.6,16.11
12,Adeje,12,NG,1518631735,58,5.68,5.76,88.06,3.6
13,Buchanan,20,LR,1518629400,66,5.88,-10.05,87.8,13.87
14,Dhidhdhoo,20,MV,1518631737,99,6.88,73.1,82.66,9.75
15,Kohtla-Jarve,64,EE,1518631738,89,59.4,27.27,21.19,6.17
16,Carutapera,88,BR,1518631727,88,-1.2,-46.02,79.6,9.08
17,Casa Nova,0,BR,1518631740,44,-11.77,-39.23,88.78,12.1
18,Hualmay,8,PE,1518631740,70,-11.1,-77.61,77.08,5.5
19,Saint-Philippe,90,CA,1518628500,97,45.36,-73.48,33.28,12.75
20,Fiditi,0,NG,1518627600,46,7.71,3.92,89.6,2.24
21,Avera,90,US,1518629700,81,33.19,-82.53,56.88,3.6
22,Constantine,40,DZ,1518629400,76,36.36,6.61,48.2,10.29
23,San-Pedro,48,CI,1518631743,81,4.75,-6.64,81.49,10.98
24,Tuatapere,88,NZ,1518631565,100,-46.13,167.69,52.33,9.19
25,Dangriga,75,BZ,1518627600,78,16.97,-88.23,78.8,6.93
26,Fort Nelson,20,CA,1518627600,70,58.81,-122.69,-2.21,2.24
27,Stepnyak,76,KZ,1518631745,73,52.83,70.79,-0.05,7.63
28,Nikolskoye,0,RU,1518629400,78,59.7,30.79,15.8,2.24
29,Pasan,0,IN,1518631747,88,22.84,82.2,53.73,3.94
30,Liku,56,ID,1518631748,91,-0.73,119.89,80.28,4.94
31,Saint-Francois,0,FR,1518631200,83,46.42,3.91,39.2,5.82
32,Faya,0,SA,1518627600,68,18.39,42.45,68.94,4.94
33,Solnechnyy,0,RU,1518631749,28,50.72,136.64,-20.03,1.7
34,Neya,0,RU,1518631750,50,58.29,43.89,-2.98,3.38
35,Mnogovershinnyy,76,RU,1518631751,66,53.94,139.92,2.29,5.61
36,Hobyo,0,SO,1518631751,90,5.35,48.53,74.88,12.44
37,Ushuaia,75,AR,1518627600,66,-54.81,-68.31,52.03,14.99
38,Demba,0,CD,1518631752,87,-5.47,22.27,78.03,1.81
39,Lompoc,40,US,1518629700,76,34.64,-120.46,51.06,4.38
40,Codrington,0,AU,1518631753,67,-28.95,153.24,69.61,5.17
41,Pacific Grove,1,US,1518629700,53,36.62,-121.92,49.95,4.05
42,Voh,92,NC,1518631754,99,-20.95,164.69,77.53,15.23
43,Kongolo,32,CD,1518631754,88,-5.39,27,73.03,1.92
44,Salinopolis,80,BR,1518631755,100,-0.61,-47.36,77.49,9.08
45,Kenai,90,US,1518628080,92,60.55,-151.26,24.8,4.7
46,Elko,1,US,1518630960,69,40.83,-115.76,33.8,5.82
47,Zhigansk,36,RU,1518631586,60,66.77,123.37,-6.85,8.97
48,Raudeberg,75,NO,1518630600,48,61.99,5.14,41,34.45
49,Abnub,0,EG,1518627600,51,27.27,31.15,62.6,12.75
50,Yamada,75,JP,1518627600,56,36.58,137.08,44.6,14.99
51,Kaitangata,20,NZ,1518631759,83,-46.28,169.85,49.23,4.83
52,Foumban,56,CM,1518631760,36,5.73,10.9,82.26,5.06
53,Koumac,8,NC,1518631465,99,-20.56,164.28,75.19,6.73
54,Vaini,12,IN,1518631761,44,15.34,74.49,78.43,7.07
55,Lampang,68,TH,1518631762,73,18.29,99.49,75.55,1.7
56,Sovetskiy,32,RU,1518631763,69,56.76,48.47,-1.31,2.48
57,Pevek,56,RU,1518631763,97,69.7,170.27,-0.37,9.75
58,Mikhaylovka,64,RU,1518631764,80,52.96,103.29,3.1,4.61
59,Impfondo,0,CD,1518631764,87,1.62,18.06,80.59,1.92
60,Mpika,56,ZM,1518631765,60,-11.84,31.4,72.49,7.07
61,Chateaubelair,40,VC,1518627600,55,13.28,-61.25,84.07,17.22
62,Coihaique,90,CL,1518627600,77,-45.58,-72.07,64.4,10.29
63,Phalaborwa,0,ZA,1518627600,41,-23.95,31.14,60.8,3.36
64,Mount Gambier,100,AU,1518631647,64,-37.83,140.78,62.41,8.08
65,Lucapa,0,AO,1518631767,69,-8.42,20.74,77.58,4.38
66,Amboasary,64,MG,1518631768,98,-25.04,46.38,72.49,14.45
67,Eenhana,80,NA,1518631768,36,-17.48,16.34,87.61,4.72
68,Odessa,1,US,1518630900,34,31.85,-102.37,64.99,6.93
69,Thompson,20,CA,1518627600,57,55.74,-97.86,-13.01,11.41
70,Bacungan,88,PH,1518631770,100,9.87,118.73,77.35,12.44
71,Chernyshkovskiy,88,RU,1518631771,92,48.42,42.23,21.28,10.09
72,Kisangani,64,CD,1518631772,89,0.52,25.21,78.88,3.15
73,Hobart,75,AU,1518629400,54,-42.88,147.33,57.2,19.46
74,Tulum,75,MX,1518626640,69,20.21,-87.46,80.6,14.99
75,Garowe,0,SO,1518631773,51,8.41,48.48,74.38,11.99
76,Calabozo,32,VE,1518631774,43,8.92,-67.43,91.3,14.34
77,Santander,90,PH,1518631200,94,9.42,123.33,78.8,4.7
78,Komsomolskiy,80,RU,1518631776,90,67.55,63.78,16.96,10.76
79,Marsa Matruh,0,EG,1518627600,63,31.35,27.25,60.8,5.82
80,Tautira,75,PF,1518627600,83,-17.73,-149.15,80.6,13.87
81,Fairview,40,US,1518630960,84,40.81,-74,46.94,9.17
82,Yining,92,CN,1518631779,96,29.04,114.56,52.6,2.15
83,Benton,75,US,1518628560,100,34.56,-92.59,51.8,5.82
84,Oksbol,32,DK,1518630600,69,55.63,8.29,33.8,13.87
85,Lac du Bonnet,92,CA,1518631782,89,50.25,-96.06,24.88,7.52
86,Reconquista,0,AR,1518631782,36,-29.14,-59.64,87.21,9.08
87,Caravelas,88,BR,1518631784,100,-17.73,-39.27,77.62,11.43
88,Khani,0,GE,1518629400,53,41.96,42.96,50,17.22
89,Kuito,48,AO,1518631785,64,-12.38,16.94,72.67,5.95
90,Liverpool,75,GB,1518630600,93,53.41,-2.98,43.25,20.8
91,Lincoln,75,GB,1518628800,93,53.23,-0.54,39.6,28.86
92,Bredasdorp,100,ZA,1518627600,88,-34.53,20.04,71.6,6.93
93,Worland,1,US,1518630780,78,44.02,-107.96,13.8,5.82
94,Bud,0,NO,1518630600,52,62.91,6.91,41.61,10.29
95,Comodoro Rivadavia,64,AR,1518627600,53,-45.87,-67.48,75.2,10.29
96,Ahuimanu,90,US,1518629760,100,21.44,-157.84,72.16,2.93
97,Baie-Comeau,1,CA,1518627600,68,49.22,-68.15,27.7,20.8
98,Paranga,76,UG,1518631792,33,3.18,31.04,85.36,7.85
99,Arad,90,RO,1518630300,100,46.18,21.32,36.18,4.7
100,Hami,36,CN,1518631793,74,42.84,93.51,19.98,2.59
101,Bad Salzungen,0,DE,1518630600,60,50.81,10.23,32,4.7
102,Olutanga,48,PH,1518631795,100,7.31,122.85,81.81,10.76
103,Aitape,48,PG,1518631796,99,-3.15,142.36,79.6,10.09
104,Tura,0,IN,1518631796,90,25.52,90.21,52.42,2.37
105,Pangody,80,RU,1518631797,83,65.85,74.49,3.69,7.18
106,Paraiso,20,MX,1518627000,58,24.01,-104.61,59,2.24
107,Tiksi,24,RU,1518631799,80,71.64,128.87,-18.59,2.93
108,Oktyabrskiy,88,RU,1518629400,92,55.61,37.97,14.02,6.71
109,Chipata,24,ZM,1518631800,87,-13.64,32.65,71.05,8.75
110,Bradford,75,GB,1518630600,93,53.79,-1.75,39.47,13.87
111,Desna,80,UA,1518629400,79,50.92,30.77,23.59,4.47
112,Ishinomaki,24,JP,1518631805,100,38.42,141.3,46.12,30.11
113,Pandan,76,PH,1518631805,100,11.72,122.09,80.01,21.27
114,Fairhope,75,US,1518630780,83,30.52,-87.9,68.2,9.17
115,Severo-Kurilsk,76,RU,1518631544,100,50.68,156.12,18.18,9.75
116,Souillac,90,FR,1518631200,93,45.6,-0.6,43.61,6.93
117,Bonavista,44,CA,1518631809,100,48.65,-53.11,25.83,25.52
118,Struer,44,DK,1518630600,69,56.48,8.6,33.8,11.41
119,Ozernovskiy,24,RU,1518631810,99,51.5,156.52,12.73,1.7
120,Middletown,90,US,1518630960,75,41.55,-71.29,43.61,9.17
121,Evensk,80,RU,1518631812,99,61.92,159.24,19.71,15.57
122,Marzuq,0,YE,1518631813,69,14.4,46.47,50.04,2.71
123,New Norfolk,75,AU,1518629400,54,-42.78,147.06,57.2,19.46
124,Naryan-Mar,88,RU,1518631814,90,67.67,53.09,23.04,13.67
125,Sisimiut,8,GL,1518631816,66,66.94,-53.67,-23.45,3.15
126,Ganzhou,36,CN,1518631816,89,25.86,114.93,55.08,3.94
127,Langfang,0,CN,1518629400,27,39.51,116.7,24.8,6.71
128,Jalu,68,LY,1518631819,31,29.03,21.55,57.64,2.04
129,Amapa,40,HN,1518631200,78,15.09,-87.97,82.4,13.87
130,Warmbad,0,DE,1518630600,79,50.67,13.08,29.34,4.7
131,Lamar,1,US,1518627180,52,38.09,-102.62,42.8,3.36
132,Dillon,40,US,1518630780,54,45.22,-112.64,28.4,11.41
133,Juba,0,EE,1518630600,72,57.82,26.93,17.6,3.36
134,Kavieng,92,PG,1518631824,100,-2.57,150.8,79.42,14.12
135,Tecolutla,0,MX,1518631825,39,17.31,-98.74,77.17,2.26
136,Hailar,36,CN,1518631825,52,49.2,119.7,-11.21,10.09
137,Nasice,90,HR,1518631200,100,45.49,18.09,33.8,5.82
138,Ajaccio,0,FR,1518631200,75,41.93,8.74,41.4,5.82
139,Gold Coast,90,AU,1518629400,94,-28,153.41,78.8,3.36
140,Ayan,92,TR,1518631828,99,40.67,33.6,35.59,3.6
141,Castro,92,CL,1518631829,88,-42.48,-73.76,65.83,3.49
142,Mangrol,0,IN,1518631830,75,25.33,76.51,52.6,2.48
143,Lavrentiya,88,RU,1518631831,94,65.58,-170.99,29.47,22.06
144,Verkhniy Mamon,92,RU,1518631831,92,50.17,40.4,20.2,9.75
145,Abengourou,32,CI,1518631832,31,6.73,-3.5,95.17,2.82
146,Sur,0,OM,1518631555,99,22.57,59.53,70.51,11.32
147,Berdigestyakh,36,RU,1518631833,69,62.1,126.7,-10.18,6.4
148,Lagos,20,NG,1518627600,74,6.46,3.39,86,9.17
149,Chilliwack,90,CA,1518631200,86,49.17,-121.95,34.41,2.24
150,Egvekinot,32,RU,1518631836,84,66.32,-179.17,12.96,3.27
151,Sao Joao da Barra,20,BR,1518627600,55,-21.64,-41.05,86,16.11
152,San Luis,12,AR,1518631840,31,-33.3,-66.34,91.71,12.66
153,Rubiataba,0,BR,1518631841,61,-15.16,-49.8,87.03,8.63
154,Torbay,75,CA,1518629700,58,47.66,-52.73,24.8,28.86
155,Contadero,75,CO,1518627600,59,0.91,-77.55,64.6,10.29
156,Sioux Lookout,75,CA,1518630240,68,50.1,-91.92,22.33,5.82
157,Lebu,20,ET,1518627600,24,8.96,38.73,68,16.11
158,San Francisco de Becerra,40,HN,1518627600,65,14.63,-86.1,78.8,9.17
159,Kamenka,12,RU,1518631845,80,53.19,44.05,4.23,7.29
160,Pervomayskoye,0,RU,1518631847,82,57.07,86.23,-4.82,11.65
161,Te Anau,64,NZ,1518631847,88,-45.41,167.72,39.19,4.72
162,Estelle,75,US,1518631020,67,32.87,-97.01,60.58,9.17
163,Hilo,90,US,1518627960,94,19.71,-155.08,58.95,5.82
164,Emerald,12,AU,1518631849,70,-23.53,148.16,77.62,5.17
165,Agadir,0,MA,1518629400,30,30.42,-9.58,69.8,11.41
166,Amuntai,88,ID,1518631850,75,-2.42,115.25,80.14,3.94
167,Yarovoye,36,RU,1518631851,85,52.92,78.56,12.55,13
168,Beringovskiy,12,RU,1518631852,81,63.05,179.32,22.68,9.64
169,Kampong Thum,0,KH,1518631853,80,12.71,104.89,68.94,2.59
170,Iwanai,64,JP,1518631854,100,42.97,140.51,26.91,19.71
171,Buala,44,SB,1518631854,94,-8.15,159.59,80.28,7.85
172,Arona,0,IT,1518630900,44,45.76,8.56,39.24,2.24
173,Los Llanos de Aridane,20,ES,1518631200,72,28.66,-17.92,64.4,6.93
174,Roald,0,NO,1518630600,35,62.58,6.12,41.56,13.87
175,Kavaratti,24,IN,1518631858,100,10.57,72.64,82.44,6.51
176,Lerwick,75,GB,1518630600,80,60.15,-1.15,40.1,32.21
177,Arlit,0,NE,1518631860,38,18.74,7.39,70.06,3.38
178,Huancavelica,48,PE,1518631861,69,-12.79,-74.97,54.49,4.16
179,Hambantota,12,LK,1518631862,100,6.12,81.12,79.42,16.02
180,Caohai,20,CN,1518631863,43,26.87,104.28,51.84,11.32
181,Tinyahuarco,80,PE,1518631863,90,-10.75,-76.3,50.08,3.71
182,Choya,32,RU,1518631864,57,52.01,86.55,5.13,2.37
183,Port Lincoln,0,AU,1518631866,100,-34.72,135.86,57.24,7.18
184,Nandigama,0,IN,1518631866,61,16.78,80.29,72.49,8.75
185,Tutoia,75,BR,1518627600,74,-2.76,-42.27,82.4,8.05
186,Road Town,40,VG,1518627600,48,18.42,-64.62,84.72,13.87
187,Yar,76,RU,1518631869,77,58.24,52.11,4.99,3.15
188,The Valley,40,AI,1518627600,57,18.22,-63.06,81.54,19.46
189,Camacha,20,PT,1518629400,59,33.08,-16.33,61.57,6.93
190,Petropavlovsk-Kamchatskiy,0,RU,1518627600,61,53.05,158.65,12.2,8.95
191,Olinda,75,EC,1518627600,74,-2.03,-79.75,82.4,8.05
192,Kalangala,75,UG,1518629400,73,-0.32,32.29,77,13.87
193,Sibolga,32,ID,1518631874,100,1.74,98.78,67.63,2.04
194,Sitka,8,US,1518631876,34,37.17,-99.65,62.41,9.08
195,Vardo,90,US,1518630900,61,39.62,-77.74,45.86,4.7
196,Khandyga,0,RU,1518631878,72,62.65,135.58,-37.13,1.81
197,Gojra,0,PK,1518631596,74,31.15,72.69,55.08,5.39
198,Dingle,68,PH,1518631881,97,11,122.67,75.55,10.42
199,Nanortalik,0,GL,1518631881,100,60.14,-45.24,18.58,30.56
200,Goderich,0,CA,1518631882,94,43.74,-81.71,31.45,16.8
201,Ikongo,92,MG,1518631882,96,-21.88,47.44,65.29,4.27
202,Angoche,68,MZ,1518631883,100,-16.23,39.91,82.48,7.85
203,Mossendjo,92,CG,1518631883,100,-2.95,12.72,71.14,2.93
204,Namibe,76,AO,1518631884,100,-15.19,12.15,76.54,8.97
205,Kysyl-Syr,48,RU,1518631884,76,63.9,122.77,-7.52,5.28
206,Ampanihy,88,MG,1518631885,94,-24.69,44.75,69.39,11.77
207,Devli,20,IN,1518629400,76,28.23,77.32,57.2,5.82
208,Tuktoyaktuk,20,CA,1518627600,73,69.44,-133.03,-19.09,11.41
209,Rincon,75,US,1518630960,72,32.3,-81.24,60.98,6.93
210,Walvis Bay,0,NA,1518627600,64,-22.95,14.51,71.6,12.75
211,Popondetta,12,PG,1518631889,93,-8.77,148.24,65.74,2.15
212,Nantucket,90,US,1518629760,100,41.28,-70.1,43.29,10.29
213,Zhezkazgan,0,KZ,1518627600,77,47.8,67.71,-2.21,13.42
214,Igarka,76,RU,1518631890,79,67.47,86.57,-0.86,11.54
215,Kidal,0,ML,1518631891,28,18.44,1.41,70.42,3.15
216,Kachiry,56,KZ,1518631892,85,53.07,76.1,5.04,10.42
217,Massakory,0,TD,1518631892,24,13,15.73,86.58,10.76
218,Udachnyy,20,RU,1518631893,72,66.42,112.4,-11.48,4.05
219,Taoudenni,0,ML,1518631893,13,22.68,-3.98,72.54,8.3
220,Flin Flon,75,CA,1518627600,70,54.77,-101.88,1.4,13.87
221,Sokoni,12,CD,1518631894,68,-12.89,28.78,73.26,4.72
222,Cidreira,0,BR,1518631895,66,-30.17,-50.22,77.26,14.34
223,Barentu,0,ER,1518631895,26,15.11,37.59,77.31,6.29
224,Filingue,0,NE,1518631896,36,14.35,3.32,83.92,3.6
225,Oistins,40,BB,1518627600,69,13.07,-59.53,82.4,26.4
226,Chateauroux,92,FR,1518631200,100,43.72,0.65,44.6,5.82
227,Saint-Joseph,0,FR,1518631200,74,43.56,6.97,46.36,2.24
228,Aklavik,5,CA,1518627600,66,68.22,-135.01,-28.41,5.82
229,Krasnokamensk,24,RU,1518631899,58,50.1,118.04,-13.6,3.49
230,Gawler,0,AU,1518629400,76,-34.6,138.75,57.2,1.12
231,Port Augusta,0,AU,1518627600,72,-32.49,137.76,66.2,8.05
232,Hays,1,US,1518627360,45,38.88,-99.33,44.22,9.17
233,Riorges,0,FR,1518631200,83,46.04,4.03,38.26,5.82
234,Kano,0,NG,1518627600,12,11.99,8.53,86,9.17
235,Nouakchott,68,MR,1518631903,81,18.08,-15.98,68.89,18.25
236,Narsaq,75,GL,1518630600,55,60.91,-46.05,6.8,12.75
237,Russell,20,AR,1518627600,39,-33.01,-68.8,84.2,4.7
238,Waterfoot,75,GB,1518630600,87,53.69,-2.25,41.45,10.29
239,Fethiye,40,TR,1518628800,51,36.62,29.12,59,9.17
240,Bolshaya Martynovka,88,RU,1518631906,93,47.27,41.67,29.38,8.86
241,Puerto Colombia,0,CO,1518627600,66,10.99,-74.96,84.2,27.51
242,Tara,90,JP,1518629400,81,33,130.15,44.58,9.17
243,Mataura,44,NZ,1518631908,97,-46.19,168.86,43.78,3.49
244,Esperance,75,TT,1518627960,61,10.24,-61.45,82.4,13.87
245,Darnah,0,LY,1518631911,100,32.77,22.64,61.83,16.58
246,Arvin,90,US,1518629700,54,35.21,-118.83,47.21,6.93
247,Sangamner,20,IN,1518631912,59,19.57,74.2,67.81,7.74
248,Saldanha,92,PT,1518631913,98,41.42,-6.55,49,10.09
249,Tenenkou,0,ML,1518631914,20,14.46,-4.91,85.9,8.41
250,Amberley,90,NZ,1518629400,100,-43.15,172.73,55.4,3.36
251,Clyde River,20,CA,1518627600,65,70.47,-68.59,-36.41,8.05
252,Avarua,40,CK,1518627600,64,-21.21,-159.78,75.2,13.87
253,Lethem,48,GY,1518631917,42,3.38,-59.8,91.93,14.34
254,Marawi,76,PH,1518631918,98,8,124.29,68.49,2.37
255,Kapaa,40,US,1518629880,94,22.08,-159.32,67.01,10.29
256,Santa Maria,20,BR,1518627600,54,-29.69,-53.81,80.6,14.99
257,Margate,75,AU,1518629400,54,-43.03,147.26,57.2,19.46
258,Yar-Sale,76,RU,1518631921,84,66.83,70.83,5.8,6.73
259,Lagoa,20,PT,1518629400,67,37.14,-8.45,59,10.29
260,Eureka,90,US,1518629700,75,40.8,-124.16,44.91,3.36
261,Havre-Saint-Pierre,90,CA,1518630300,79,50.23,-63.6,24.8,17.22
262,Wanning,75,AT,1518628800,92,48.64,13.53,30.2,8.05
263,Ostrovnoy,44,RU,1518631926,83,68.05,39.51,21.28,13.33
264,Hervey Bay,20,AU,1518631927,100,-25.3,152.85,79.06,8.41
265,Kodiak,90,US,1518630480,81,39.95,-94.76,48.2,12.75
266,Kirkwall,20,GB,1518630600,80,58.98,-2.96,39.99,33.33
267,San Vicente,20,SV,1518630600,33,13.64,-88.78,91.4,13.87
268,Shaunavon,88,CA,1518631932,99,49.65,-108.41,31.59,11.43
269,Los Pozos,92,VE,1518631932,70,8.45,-62.73,80.32,11.99
270,Barao de Melgaco,75,BR,1518627600,59,-16.19,-55.97,91.4,3.36
271,Atar,92,MR,1518631903,18,20.52,-13.05,77.71,4.61
272,Laranjeiras do Sul,48,BR,1518631934,63,-25.41,-52.42,76.27,4.16
273,Kahului,1,US,1518627360,88,20.89,-156.47,66.22,6.93
274,Abu Kamal,0,SY,1518631935,83,34.45,40.92,42.48,3.27
275,Kailua,90,US,1518629760,100,21.39,-157.74,72.14,2.93
276,Anloga,20,GH,1518627600,79,5.79,0.9,86,12.75
277,Fidenza,0,IT,1518630900,60,44.86,10.07,38.35,1.12
278,Namatanai,92,PG,1518631940,100,-3.66,152.44,77.26,12.77
279,Zhaotong,24,CN,1518631942,68,27.34,103.71,31.23,2.93
280,Yeppoon,100,AU,1518631200,83,-23.13,150.74,78.8,6.93
281,Butaritari,92,KI,1518631943,96,3.07,172.79,83.65,22.84
282,Xinqing,12,CN,1518631944,67,48.28,129.53,1.53,5.06
283,Waingapu,56,ID,1518631945,100,-9.65,120.26,74.38,5.73
284,Auki,0,NG,1518631379,29,12.18,6.51,85.63,5.5
285,Inirida,48,CO,1518631946,78,3.87,-67.92,82.84,0.92
286,Simbahan,92,PH,1518631946,100,6.3,120.58,79.29,27.09
287,Klaksvik,8,FO,1518628800,80,62.23,-6.59,41,23.04
288,Arraial do Cabo,40,BR,1518627600,70,-22.97,-42.02,86,13.87
289,Chokurdakh,44,RU,1518631411,84,70.62,147.9,-5.54,11.77
290,Dunedin,20,NZ,1518631421,98,-45.87,170.5,49.45,4.72
291,Scarborough,100,GB,1518630600,93,54.28,-0.41,39.2,14.99
292,Portland,90,US,1518630780,86,45.52,-122.67,39.18,4.7
293,Hamilton,90,BM,1518630000,93,32.3,-64.78,64.4,2.24
294,Sibu,75,MY,1518631200,94,2.29,111.83,77,3.6
295,Barrow,0,AR,1518631384,29,-38.31,-60.23,87.97,19.37
296,Fenelon Falls,1,CA,1518627600,64,44.54,-78.74,36.3,12.75
297,Rieti,0,IT,1518630900,86,42.4,12.86,39.29,5.82
298,Powell River,75,CA,1518631200,100,49.84,-124.52,38.61,3.36
299,Kloulklubed,75,PW,1518627060,83,7.04,134.26,77.86,5.82
300,Kafr Sawm,24,JO,1518631954,83,32.68,35.8,42.03,2.82
301,Belle Fourche,0,US,1518629700,31,44.67,-103.85,42.17,9.17
302,Puerto Ayora,75,EC,1518627600,69,-0.74,-90.35,82.4,10.29
303,Cayenne,0,GF,1518629400,74,4.94,-52.33,82.4,11.41
304,Marquette,5,US,1518630420,38,46.54,-87.4,34.34,13.87
305,Cao Bang,8,VN,1518631957,90,22.67,106.25,45.58,2.59
306,Mareeba,20,AU,1518631200,88,-16.99,145.42,75.2,3.36
307,Colares,75,PT,1518631200,77,38.8,-9.45,58.1,9.17
308,Zaysan,0,KZ,1518631959,72,47.47,84.87,16.74,2.59
309,Rosarito,75,CO,1518627600,61,4.91,-75.23,79.7,11.41
310,Gewane,0,ET,1518631961,32,10.16,40.66,78.61,9.64
311,Mumford,8,GH,1518631961,77,5.26,-0.76,83.83,11.43
312,Bodden Town,75,KY,1518630720,78,19.28,-81.25,80.6,25.28
313,Wakema,0,MM,1518631964,79,16.6,95.18,72.85,9.19
314,Shahr-e Babak,8,IR,1518631964,74,30.12,55.12,45.54,6.4
315,Iqaluit,90,CA,1518627600,63,63.75,-68.52,-9.41,14.99
316,Vestmannaeyjar,40,IS,1518627600,96,63.44,-20.27,37.4,17.22
317,Airai,76,TL,1518631368,96,-8.93,125.41,67.86,0.69
318,Northam,75,GB,1518630600,93,51.04,-4.21,47.57,11.41
319,Camargo,0,MX,1518631966,30,27.69,-105.17,74.74,9.31
320,Skjervoy,0,NO,1518630600,100,70.03,20.97,31.06,8.05
321,Iacu,0,BR,1518631967,51,-12.77,-40.21,88.11,10.42
322,Ripiceni,90,MD,1518629400,100,47.95,27.14,28.4,16.11
323,Yichun,80,CN,1518631969,83,27.8,114.38,56.56,4.72
324,Nicoya,20,CR,1518631200,45,10.15,-85.45,87.8,28.86
325,Kabare,8,RW,1518631450,83,-1.65,29.38,64.93,3.94
326,Qaanaaq,12,GL,1518631526,72,77.48,-69.36,-3.25,15.46
327,Maragogi,92,BR,1518631484,86,-9.01,-35.22,81.31,7.63
328,Barcelos,75,PT,1518631200,100,41.53,-8.62,55.4,13.87
329,Ribeira Grande,75,PT,1518629400,67,38.52,-28.7,62.6,12.75
330,Bambanglipuro,92,ID,1518631972,97,-7.95,110.28,73.48,4.27
331,Port Hardy,75,CA,1518627600,93,50.7,-127.42,35.6,8.05
332,Victoria,75,BN,1518629400,100,5.28,115.24,76.12,7.74
333,Georgetown,75,GY,1518627600,74,6.8,-58.16,84.2,13.87
334,Vila Franca do Campo,75,PT,1518629400,88,37.72,-25.43,64.4,11.41
335,Richards Bay,56,ZA,1518631974,68,-28.77,32.06,78.43,13.33
336,Vanimo,76,PG,1518631975,100,-2.67,141.3,80.95,14
337,Makakilo City,90,US,1518629760,100,21.35,-158.09,72.21,2.93
338,Longyearbyen,75,NO,1518627000,67,78.22,15.63,23,17.22
339,Constitucion,20,MX,1518627000,58,23.99,-104.67,59,2.24
340,Pryazha,0,RU,1518629400,84,61.69,33.62,5,6.73
341,Ponta do Sol,24,BR,1518631517,74,-20.63,-46,83.11,4.38
342,Vaitape,92,PF,1518631978,100,-16.52,-151.75,77.26,26.08
343,Upernavik,20,GL,1518631569,100,72.79,-56.15,-7.61,4.94
344,Bambous Virieux,40,MU,1518627600,83,-20.34,57.76,82.4,1.7
345,Port Blair,0,IN,1518631509,100,11.67,92.75,82.3,7.18
346,Naze,75,NG,1518627600,66,5.43,7.07,86,8.05
347,Tarso,90,CO,1518627600,60,5.86,-75.82,69.73,2.24
348,Santana do Livramento,0,BR,1518631860,57,-30.89,-55.53,83.56,11.99
349,Manta,92,RO,1518631981,98,45.1,24.1,32.89,2.82
350,Tiarei,75,PF,1518627600,83,-17.53,-149.33,80.6,13.87
351,Moerai,92,PF,1518631983,100,-22.43,-151.33,75.46,10.42
352,Kieta,12,PG,1518631984,100,-6.22,155.63,75.91,3.38
353,Shelopugino,44,RU,1518631984,68,51.65,117.56,-3.02,4.5
354,Nizwa,8,OM,1518631985,83,22.93,57.53,58.99,2.93
355,Alexandria,90,US,1518630300,93,31.31,-92.44,67.46,8.05
356,Campo Verde,75,PE,1518627600,83,-8.47,-74.81,78.8,4.7
357,Takoradi,0,GH,1518631556,94,4.89,-1.75,82.75,10.42
358,Chimoio,75,MZ,1518627600,94,-19.11,33.48,69.8,9.17
359,Kangaatsiaq,56,GL,1518631988,100,68.31,-53.46,0.81,11.99
360,Pisco,0,PE,1518627600,65,-13.71,-76.2,80.6,19.46
361,Karasburg,8,NA,1518631989,61,-28.01,18.75,73.3,3.38
362,Carnarvon,20,ZA,1518631407,63,-30.97,22.13,70.06,7.63
363,Riacho de Santana,40,BR,1518627600,43,-13.61,-42.94,89.6,8.05
364,San Cristobal,40,EC,1518627600,55,-0.39,-78.55,64.4,11.41
365,Riyadh,0,SA,1518627600,29,24.63,46.72,66.2,4.7
366,Zaranj,48,AF,1518627600,41,30.95,61.86,60.8,6.93
367,Guerrero Negro,92,MX,1518631434,60,27.97,-114.04,66.28,3.94
368,Nome,90,US,1518630900,83,30.04,-94.42,70.54,8.05
369,Luderitz,20,NA,1518627600,73,-26.65,15.16,73.4,11.41
370,Inverness,40,GB,1518630600,86,57.48,-4.23,41.25,12.75
371,Puerto Madryn,0,AR,1518631995,51,-42.77,-65.04,79.74,6.73
372,Emba,75,CY,1518631200,93,34.81,32.42,55.4,3.36
373,Rio Gallegos,20,AR,1518627600,45,-51.62,-69.22,66.2,12.75
374,Kimbe,92,PG,1518631997,100,-5.56,150.15,74.29,3.27
375,Takapau,20,NZ,1518631998,88,-40.02,176.35,55.44,4.16
376,Hithadhoo,12,MV,1518631439,100,-0.6,73.08,80.59,4.72
377,Burns Lake,20,CA,1518631998,66,54.23,-125.76,20.43,4.72
378,Flinders,90,AU,1518627600,68,-34.58,150.85,66.2,1.92
379,Bathsheba,40,BB,1518627600,69,13.22,-59.52,82.4,26.4
380,Kuandian,0,CN,1518632000,63,40.73,124.78,-8.42,3.15
381,Oktyabrskoye,8,RU,1518631505,80,56.73,85.44,-1.31,8.41
382,Sabang,88,PH,1518631533,100,13.72,123.58,76.68,6.96
383,Maumere,92,ID,1518632001,100,-8.63,122.22,77.58,10.2
384,Kohima,0,IN,1518632002,90,25.66,94.1,46.57,0.81
385,Saint Anthony,75,US,1518627360,64,43.97,-111.68,32.47,17.22
386,Mineiros,24,BR,1518632002,100,-17.57,-52.55,77.62,3.49
387,Cherskiy,80,RU,1518632003,91,68.75,161.3,3.1,2.71
388,Teya,75,MX,1518626700,51,21.05,-89.07,84.2,12.75
389,Davila,20,PH,1518631200,83,18.47,120.58,71.6,2.24
390,Sistranda,40,NO,1518630600,51,63.73,8.83,39.2,16.11
391,Mount Isa,48,AU,1518629400,58,-20.73,139.49,84.2,1.12
392,Valley City,1,US,1518630960,92,46.92,-98,34.48,11.41
393,Harper,90,US,1518628500,77,30.3,-99.24,63.27,12.75
394,Aripuana,44,BR,1518632007,55,-9.17,-60.63,90.76,2.93
395,Talnakh,64,RU,1518631557,78,69.49,88.39,-3.97,10.98
396,Aranos,36,NA,1518632009,36,-24.14,19.11,81.76,2.93
397,Lazaro Cardenas,75,MX,1518626640,36,28.39,-105.62,68,8.63
398,Vicksburg,40,US,1518630780,65,32.35,-90.88,71.92,12.75
399,Srednekolymsk,64,RU,1518631552,71,67.46,153.71,-2.21,8.08
400,Tezu,92,IN,1518631561,100,27.93,96.16,48.78,1.7
401,Kijang,0,KR,1518627600,65,35.24,129.21,44.6,4.7
402,Katsuura,36,JP,1518631454,84,33.93,134.5,42.48,7.07
403,Tatarsk,92,RU,1518632013,83,55.22,75.96,14.62,14
404,Kupang,80,ID,1518632013,100,-10.16,123.6,76.18,8.41
405,Ahipara,32,NZ,1518632014,100,-35.17,173.16,65.2,4.94
406,Woodward,1,US,1518630900,24,36.43,-99.39,66.2,19.46
407,Tazovskiy,88,RU,1518631560,74,67.47,78.7,0.67,7.85
408,Springbok,0,ZA,1518632015,35,-29.67,17.88,80.41,8.63
409,Laguna,90,MX,1518626520,55,27.52,-110.01,66.2,4.7
410,San Patricio,8,PY,1518631539,46,-26.98,-56.83,89.59,3.38
411,Chaihe,24,CN,1518632016,65,44.77,129.68,5.04,7.63
412,Albany,90,US,1518630840,64,42.65,-73.75,36.97,10.29
413,Siavonga,44,ZW,1518632017,86,-16.54,28.71,76.72,4.72
414,Pangnirtung,90,CA,1518627600,41,66.15,-65.72,-18.41,5.82
415,Touros,92,BR,1518631564,100,-5.2,-35.46,76.14,6.73
416,Atuona,0,PF,1518632019,100,-9.8,-139.03,81.04,17.13
417,Lesnikovo,80,RU,1518632020,81,55.28,65.32,6.21,12.33
418,Ucluelet,5,CA,1518631200,93,48.94,-125.55,39.2,2.24
419,Rio Grande,75,BR,1518627600,51,-32.03,-52.1,80.6,12.75
420,Half Moon Bay,1,US,1518629700,79,37.46,-122.43,49.75,10.29
421,Provideniya,20,RU,1518631523,94,64.42,-173.23,29.47,13.11
422,Eregli,44,TR,1518632022,73,37.51,34.05,41.76,6.62
423,Abha,0,SA,1518627600,68,18.22,42.5,68.95,1.14
424,Ukiah,1,US,1518627360,74,39.15,-123.21,35.6,2.37
425,Qaqortoq,75,GL,1518630600,55,60.72,-46.03,6.8,12.75
426,Mandera,0,ET,1518632025,33,3.94,41.86,83.65,5.73
427,San Rafael del Sur,40,NI,1518627600,51,11.85,-86.44,84.2,18.34
428,Batagay-Alyta,8,RU,1518632026,54,67.8,130.41,-33.44,2.93
429,Shepsi,24,RU,1518632026,96,44.04,39.15,49.9,6.17
430,Pashiya,88,RU,1518632027,89,58.43,58.26,11.43,8.08
431,Port-Gentil,40,GA,1518627600,78,-0.72,8.78,82.4,8.05
432,Mantua,0,IT,1518630900,64,45.16,10.79,39.22,4.7
433,Wattegama,0,LK,1518632028,94,7.35,80.68,67.72,3.15
434,Traverse City,1,US,1518629700,69,44.76,-85.62,38.12,6.93
435,Acapulco,5,MX,1518626580,58,16.86,-99.88,86,6.93
436,Pointe-Noire,75,CG,1518627600,74,-4.8,11.85,84.2,5.82
437,Canutama,68,BR,1518632030,78,-6.53,-64.38,83.47,2.71
438,Lasa,75,CY,1518631200,93,34.92,32.53,55.4,3.36
439,Nampula,88,MZ,1518632031,91,-15.12,39.26,74.2,3.15
440,Sterling,75,US,1518630960,70,39,-77.4,46.4,6.93
441,Fortuna,0,ES,1518631200,44,38.18,-1.13,59.58,12.75
442,Senanga,92,ZM,1518632033,92,-16.1,23.3,71.32,4.38
443,Jumla,0,NP,1518632035,57,29.28,82.18,11.02,3.15
444,Saskylakh,56,RU,1518631540,73,71.97,114.09,-11.03,5.95
445,General Roca,0,AR,1518627600,16,-39.03,-67.58,93.2,8.05
446,Gravdal,0,NO,1518630600,44,59.79,5.78,38.1,29.97
447,High Level,5,CA,1518631200,69,58.52,-117.13,-13.01,3.94
448,Ramanuj Ganj,0,IN,1518632037,76,23.81,83.7,55.12,6.73
449,La Ronge,75,CA,1518629700,70,55.1,-105.3,-0.41,13.87
450,Cape Town,75,ZA,1518630240,88,-33.93,18.42,69.8,19.46
451,Vestmanna,20,FO,1518630600,80,62.16,-7.17,41,19.46
452,Brae,75,GB,1518630600,80,60.4,-1.35,40.21,32.21
453,Muswellbrook,8,AU,1518632040,79,-32.27,150.89,61.51,1.92
454,Husavik,88,CA,1518631441,87,50.56,-96.99,27.4,6.06
455,Saint George,20,GR,1518628800,49,39.45,22.34,48.2,10.29
456,Mar del Plata,100,AR,1518631218,46,-46.43,-67.52,75.19,3.49
457,Port Elizabeth,20,US,1518630900,61,39.31,-74.98,46.72,8.05
458,Port Alfred,80,ZA,1518631518,87,-33.59,26.89,72.63,8.3
459,Chara,20,GR,1518630600,52,39.42,22.43,46.4,11.41
460,Fairbanks,90,US,1518629220,92,64.84,-147.72,24.8,5.82
461,Jamame,36,SO,1518632044,85,0.07,42.75,77.35,8.75
462,Mustvee,0,EE,1518630600,72,58.85,26.93,17.6,3.36
463,Kaeo,92,NZ,1518632045,97,-35.1,173.78,67.41,3.94
464,Hohhot,0,CN,1518627600,38,40.81,111.65,6.8,4.47
465,Suez,56,EG,1518632046,61,29.97,32.54,54.13,6.4
466,Sechura,0,PE,1518631542,67,-5.56,-80.82,84.37,9.19
467,Ridgecrest,75,US,1518627360,42,35.62,-117.67,48.2,3.83
468,Praia da Vitoria,40,PT,1518631200,82,38.73,-27.07,59,17.36
469,Paracatu,12,BR,1518632048,67,-17.22,-46.87,86.08,8.86
470,Anadyr,0,RU,1518627600,86,64.73,177.51,26.6,15.66
471,Sao Francisco de Paula,0,BR,1518632049,56,-29.45,-50.58,74.11,5.95
472,Vilyuysk,76,RU,1518632050,81,63.75,121.63,-5.05,5.17
473,Wilmington,75,US,1518630900,61,39.75,-75.55,48.42,11.41
474,Karratha,64,AU,1518632051,68,-20.74,116.85,82.44,3.38
475,Vila Velha,20,BR,1518631577,100,-3.71,-38.6,79.6,7.4
476,Padang,0,ID,1518631509,100,-0.92,100.36,82.57,6.06
477,Puerto Escondido,5,MX,1518626460,65,15.86,-97.07,82.4,11.41
478,San Quintin,20,PH,1518631200,83,17.54,120.52,71.6,2.24
479,Muzhi,8,RU,1518632053,58,65.4,64.7,2.79,9.42
480,Ancud,56,CL,1518632053,88,-41.87,-73.83,66.46,5.17
481,Nelson Bay,90,AU,1518631200,78,-32.72,152.14,73.4,10.29
482,San Rafael,0,AR,1518632055,29,-34.61,-68.33,89.95,12.44
483,Meulaboh,56,ID,1518632056,100,4.14,96.13,80.19,1.92
484,Mogadishu,92,SO,1518632057,99,2.04,45.34,78.39,15.9
485,Deputatskiy,56,RU,1518632057,63,69.3,139.9,-22.91,3.49
486,Derbent,44,RU,1518632059,92,42.06,48.29,28.44,3.15
487,Havoysund,0,NO,1518630600,74,71,24.66,30.2,12.75
488,Mahebourg,40,MU,1518627600,83,-20.41,57.7,82.4,1.7
489,Soyo,48,AO,1518631552,89,-6.13,12.37,80.64,4.38
490,Bethel,90,US,1518630780,100,60.79,-161.76,30.2,12.75
491,Coquimbo,0,CL,1518627600,60,-29.95,-71.34,71.6,12.75
492,Ust-Maya,64,RU,1518632063,40,60.42,134.54,-26.42,2.82
493,Andros Town,40,BS,1518627600,57,24.73,-77.79,78.8,12.75
494,Durango,1,US,1518630780,49,37.28,-107.88,40.6,5.82
495,Oranjemund,80,ZA,1518632064,92,-28.55,16.43,63.04,4.94
496,Ust-Nera,8,RU,1518632065,50,64.57,143.24,-32.9,2.04
497,Isangel,68,VU,1518632066,100,-19.55,169.27,80.64,18.37
498,Keetmanshoop,80,NA,1518632067,34,-26.57,18.15,83.2,3.15
499,Toora-Khem,0,RU,1518632068,65,52.47,96.11,-11.75,2.37
500,Auras,0,IN,1518629400,62,26.91,80.51,57.2,2.24
501,Batticaloa,92,LK,1518632070,100,7.71,81.69,77.71,9.75
502,Sturgis,0,US,1518630960,26,44.41,-103.51,48.2,11.41
503,Victoria,75,BN,1518631200,100,5.28,115.24,75.2,7.74
504,Lorengau,92,PG,1518631477,100,-2.02,147.27,82.89,15.68
505,Gat,20,SN,1518632071,20,14.69,-16.54,92.2,4.94
506,Coahuayana,0,MX,1518632072,30,18.62,-100.35,82.98,2.82
507,Jamestown,0,AU,1518632073,84,-33.21,138.6,44.77,2.71
508,Yellowknife,75,CA,1518627600,73,62.45,-114.38,-36.41,3.36
509,Ferme-Neuve,0,CA,1518632075,60,46.7,-75.45,32.76,8.97
510,Banda Aceh,36,ID,1518631923,97,5.56,95.32,74.61,2.93
511,Okha,56,RU,1518632076,84,53.59,142.95,0.31,8.41
512,Beloha,68,MG,1518632076,81,-25.17,45.06,72.04,12.44
513,Paamiut,8,GL,1518631509,100,61.99,-49.67,9.76,11.65
514,Udala,40,ES,1518631200,81,43.08,-2.51,54.82,9.17
515,Chimore,0,BO,1518632078,68,-16.98,-65.13,85.54,3.15
516,Voi,0,KE,1518632078,51,-3.4,38.57,77.76,9.19
517,Guarapari,20,BR,1518627600,66,-20.67,-40.5,86,11.41
518,Ilulissat,75,GL,1518630600,83,69.22,-51.1,-7.61,2.24
519,Brownsville,90,US,1518630780,93,25.91,-97.49,62.56,1.81
520,La Rioja,0,AR,1518632081,56,-29.41,-66.86,82.48,3.94
521,Cabo San Lucas,75,MX,1518626700,36,22.89,-109.91,76.8,4.7
522,Salalah,40,OM,1518627000,69,17.01,54.1,75.2,2.24
523,Athabasca,76,CA,1518632083,88,54.72,-113.29,11.74,12.55
524,Lawrence,90,US,1518630600,81,38.97,-95.24,48.2,13.87
525,Chabahar,20,IR,1518632084,100,25.29,60.65,70.11,5.17
526,Mecca,0,SA,1518627600,37,21.43,39.83,86,4.7
527,Broome,75,GB,1518631020,86,52.47,1.45,39.2,26.4
528,Port Moresby,40,PG,1518627600,94,-9.47,147.16,77,1.12
529,Dikson,88,RU,1518632087,88,73.51,80.55,16.29,3.94
530,Kruisfontein,24,ZA,1518632088,92,-34,24.73,65.56,10.87
531,Hasaki,75,JP,1518629400,46,35.73,140.83,45.54,9.17
532,Gari,44,RU,1518632089,63,59.43,62.35,0.81,2.59
533,Yarada,0,IN,1518631582,98,17.65,83.27,79.06,8.3
534,Ambon,90,FR,1518631200,100,47.55,-2.56,51.8,10.29
535,Puerto del Rosario,20,ES,1518629400,77,28.5,-13.86,64.4,10.29
536,Geraldton,75,CA,1518627600,63,49.72,-86.95,26.6,10.29
537,Magaria,0,NE,1518632091,35,13,8.91,81.99,5.73
538,Bluff,76,AU,1518632002,84,-23.58,149.07,73.48,5.39
539,Humaita,90,AR,1518627600,72,-24.93,-65.37,73.47,5.82
540,Alofi,92,NU,1518631200,88,-19.06,-169.92,77,9.17
541,Shwebo,0,MM,1518632094,86,22.57,95.7,68.53,7.52
542,Houma,68,CN,1518632094,64,35.63,111.36,20.11,2.59
543,Alma,1,US,1518629700,70,40.1,-99.36,42.8,6.06
544,Grand Gaube,40,MU,1518627600,83,-20.01,57.66,82.4,3.94
545,Novooleksiyivka,56,UA,1518632096,90,48.49,32.24,25.42,7.74
546,Remedios,40,CU,1518627000,54,22.5,-79.55,80.6,16.11
547,North Bend,90,US,1518630960,70,43.41,-124.22,47.1,12.75
548,Katubao,48,PH,1518632100,100,5.89,124.83,71.95,1.92
549,Azanka,0,RU,1518632100,75,58.04,64.79,-2.98,3.27
550,Datong,0,CN,1518632102,56,40.09,113.3,0.4,2.93
551,Muyezerskiy,76,RU,1518632103,83,63.93,31.65,24.66,6.17
552,Tasiilaq,75,GL,1518630600,53,65.61,-37.64,26.6,1.12
553,Norman Wells,75,CA,1518631200,67,65.28,-126.83,-27.41,5.82
554,Puerto Leguizamo,32,CO,1518632104,59,-0.19,-74.78,89.23,1.7
555,Denpasar,75,ID,1518629400,88,-8.65,115.22,78.8,14.99
556,Gao,0,ML,1518632107,26,16.28,-0.04,78.97,6.51
557,Le Vauclin,75,MQ,1518629400,61,14.55,-60.84,82.4,21.92
558,Oro Valley,90,US,1518627480,31,32.39,-110.97,59.54,3.71
559,Dukat,36,RS,1518632109,91,42.44,22.31,24.52,1.92
560,Khatanga,76,RU,1518632110,76,71.98,102.47,0.04,12.21
561,Oum Hadjer,20,TD,1518632112,54,13.3,19.7,82.53,3.15
562,Finschhafen,92,PG,1518632113,100,-6.6,147.85,71.01,1.92
563,Nyurba,68,RU,1518632113,82,63.29,118.35,-5.18,4.61
564,Chapais,90,CA,1518629640,73,49.78,-74.86,23,12.75
565,Alice Springs,100,AU,1518631200,42,-23.7,133.88,82.4,8.05
566,Mitha Tiwana,88,PK,1518632115,81,32.24,72.11,50.62,2.71
567,Anchorage,90,US,1518630960,100,61.22,-149.89,25.9,1.92
568,Ushtobe,92,KZ,1518632116,100,45.25,77.98,31,3.27
569,Leningradskiy,12,RU,1518632116,78,69.38,178.42,6.79,7.63
570,Bireun,56,ID,1518632117,100,5.2,96.7,79.83,4.27
571,Imbituba,75,BR,1518627600,53,-28.24,-48.67,77,9.17
572,Faanui,80,PF,1518632119,100,-16.48,-151.75,77.76,21.72
573,Lalupon,0,NG,1518627600,46,7.47,4.07,89.6,2.24
574,Grindavik,75,IS,1518629400,100,63.84,-22.43,33.8,11.41
575,Dabat,36,ET,1518632121,33,12.98,37.77,64.48,1.81
576,Yatou,75,CM,1518627600,83,3.63,9.81,84.2,6.93
577,Mrakovo,12,RU,1518632123,61,52.72,56.62,-7.52,3.71
578,Saint-Georges,88,CA,1518632123,69,46.12,-70.67,34.11,9.64
579,Belmonte,92,PT,1518632124,97,40.36,-7.35,48.33,4.94
580,Kungurtug,0,RU,1518632125,58,50.6,97.53,-10.94,2.93
581,Sinop,32,TR,1518632126,88,42.03,35.15,50.53,16.24
582,Sao Filipe,88,CV,1518631540,89,14.9,-24.5,71.86,17.13
583,Punta Arenas,40,CL,1518627600,54,-53.16,-70.91,55.54,20.8
584,Westport,40,IE,1518631200,100,53.8,-9.52,37.4,11.41
585,College,90,US,1518631080,92,64.86,-147.8,24.8,5.82
586,Antofagasta,20,CL,1518627600,56,-23.65,-70.4,73.4,13.87
587,Mayo,40,CA,1518627600,67,63.59,-135.9,-22.01,1.59
588,Leh,76,IN,1518632131,73,34.16,77.58,-10,1.14
589,Sambava,32,MG,1518631536,100,-14.27,50.17,82.66,10.42
590,Zeya,0,RU,1518632132,49,53.74,127.27,-4.15,4.94
591,Mackay,90,CA,1518631500,66,53.65,-115.58,13.98,10.29
592,Chenghai,75,CN,1518627600,72,23.46,116.77,62.6,2.24
593,Bahia Blanca,0,AR,1518631909,38,-38.72,-62.27,90.13,15.68
594,Fukuma,90,JP,1518629400,81,33.77,130.47,50.45,9.17
595,Hofn,75,IS,1518627600,100,64.25,-15.21,35.6,9.17
596,Kharod,0,IN,1518632137,50,21.55,73,70.38,8.86
597,Thinadhoo,80,MV,1518632137,100,0.53,72.93,82.93,5.17
598,Nisia Floresta,90,BR,1518631200,94,-6.09,-35.21,73.4,10.29
599,Valleyview,68,CA,1518632140,89,55.07,-117.28,9.99,12.77
600,Jizan,0,SA,1518627600,74,16.89,42.56,80.6,5.82
601,Gwadar,32,PK,1518632141,93,25.12,62.33,65.38,1.59
602,Meadow Lake,90,CA,1518628740,85,54.13,-108.44,10.4,20.8